<?xml version="1.0" encoding="UTF-8"?>
<?xml-stylesheet type="text/xsl" href="employees.xsl"?>
<employees>
  <employee>
    <name>YASH MAKODE</name>
    <title>WEB DEVELOPER</title>
    <department>ComputerEngineering</department>
    <salary>300000</salary>
  </employee>
  <employee>
    <name>OM PATIL</name>
    <title>WEB DEVELOPER</title>
    <department>COMPUTER ENGINEERING</department>
    <salary>70000</salary>
  </employee>
  <employee>
    <name>TUSHAR MORE</name>
    <title>Python Developer</title>
    <department>ComputerEngineering</department>
    <salary>600000</salary>
  </employee>
</employees>